<?xml version="1.0" encoding="UTF-8"?>
<!-- 
   TV Filename Scraper.  Used to Scrape Show Name, Season and Episode from a given file URI
   $$1 is always the complete file uri
-->
<scraper name="title-s00d00" content="filename" thumb="thumb.png">
	<!-- 	input: 		$1=complete file uri -->
	<!-- 	returns: 	show name -->
	<GetShowName dest="3">
		<RegExp input="$$1" output="\1" dest="3">
			<expression>.*[/\\](.*)s([0-9]{1,2})\s?[d]([[0-9]]{1,2})</expression>
		</RegExp>
	</GetShowName>

	<!-- 	input: 		$1=complete file uri -->
	<!-- 	returns: 	Season #-->
	<GetSeason dest="3">
		<RegExp input="$$1" output="\2" dest="3">
			<expression>.*[/\\](.*)s([0-9]{1,2})\s?[d]([[0-9]]{1,2})</expression>
		</RegExp>
	</GetSeason>
	
	<!-- 	input: 		$1=complete file uri -->
	<!-- 	returns: 	Disc #-->
	<GetDisc dest="3">
		<RegExp input="$$1" output="\3" dest="3">
			<expression>.*[/\\](.*)s([0-9]{1,2})\s?[d]([[0-9]]{1,2})</expression>
		</RegExp>
	</GetDisc>
</scraper>
