<?xml version="1.0" encoding="UTF-8"?>
<scraper name="IMDb (Xbmc)" content="movies" thumb="imdb.gif" description="IMDb provider using the Xmbc scraper system">
	<GetSettings dest="3">
		<RegExp input="$$5" output="&lt;settings&gt;\1&lt;/settings&gt;" dest="3">
			<RegExp input="$$1" output="&lt;setting label=&quot;Enable Full Cast Credits&quot; type=&quot;bool&quot; id=&quot;fullcredits&quot; default=&quot;true&quot;&gt;&lt;/setting&gt;" dest="5">
				<expression></expression>
			</RegExp>
			<RegExp input="$$1" output="&lt;setting label=&quot;Enable IMPAwards&quot; type=&quot;bool&quot; id=&quot;impawards&quot; default=&quot;true&quot;&gt;&lt;/setting&gt;" dest="5+">
				<expression></expression>
			</RegExp>
			<RegExp input="$$1" output="&lt;setting label=&quot;Enable MoviePosterDB&quot; type=&quot;bool&quot; id=&quot;movieposterdb&quot; default=&quot;true&quot;&gt;&lt;/setting&gt;" dest="5+">
				<expression></expression>
			</RegExp>
			<RegExp input="$$1" output="&lt;setting label=&quot;Enable Trailer&quot; type=&quot;bool&quot; id=&quot;trailer&quot; default=&quot;true&quot;&gt;&lt;/setting&gt;" dest="5+">
				<expression></expression>
			</RegExp>
			<RegExp input="$$1" output="&lt;setting label=&quot;Enable Fanart&quot; type=&quot;bool&quot; id=&quot;fanart&quot; default=&quot;true&quot;&gt;&lt;/setting&gt;" dest="5+">
				<expression></expression>
			</RegExp>
			<RegExp input="$$1" output="&lt;setting label=&quot;IMDB Poster &amp;amp; Actor Thumb(s) Size&quot; type=&quot;labelenum&quot; values=&quot;192|256|384|512|1024&quot; id=&quot;imdbscale&quot; default=&quot;512&quot;&gt;&lt;/setting&gt;" dest="5+">
				<expression></expression>
			</RegExp>
			<RegExp input="$$1" output="&lt;setting type=&quot;sep&quot;&gt;&lt;/setting&gt;" dest="5+">
				<expression></expression>
			</RegExp>
			<RegExp input="$$1" output="&lt;setting label=&quot;Input Alternative IMDb Source&quot; type=&quot;text&quot; id=&quot;url&quot; default=&quot;akas.imdb.com&quot;&gt;&lt;/setting&gt;" dest="5+">
				<expression></expression>
			</RegExp>
			<expression noclean="1"></expression>
		</RegExp>
	</GetSettings>
	<NfoUrl dest="3">
		<RegExp input="$$1" output="&lt;url&gt;http://www.\1/title/tt\2/&lt;/url&gt;&lt;id&gt;tt\2&lt;/id&gt;"  dest="3">
			<expression clear="yes" noclean="1">(imdb.com/)Title\?([0-9]*)</expression>
		</RegExp>
		<RegExp input="$$1" output="&lt;url&gt;http://www.\1\2/&lt;/url&gt;&lt;id&gt;tt\2&lt;/id&gt;"  dest="3+">
			<expression clear="yes" noclean="1">(imdb.com/title/tt)([0-9]*)</expression>
		</RegExp>
	</NfoUrl>
	<CreateSearchUrl dest="3">
		<RegExp input="$$1" output="&lt;url&gt;http://$INFO[url]/find?s=tt;q=\1$$4&lt;/url&gt;" dest="3">
			<RegExp input="$$2" output="%20(\1)" dest="4">
				<expression clear="yes">(.+)</expression>
			</RegExp>
			<expression noclean="1"></expression>
		</RegExp>
	</CreateSearchUrl>
	<GetSearchResults dest="8">
		<RegExp input="$$5" output="&lt;?xml version=&quot;1.0&quot; encoding=&quot;iso-8859-1&quot; standalone=&quot;yes&quot;?&gt;&lt;results&gt;\1&lt;/results&gt;" dest="8">
			<RegExp input="$$1" output="\1" dest="7">
				<expression clear="yes">/title/([t0-9]*)/faq</expression>
			</RegExp>
			<RegExp input="$$1" output="&lt;entity&gt;&lt;title&gt;\1 (\2)&lt;/title&gt;&lt;url&gt;http://$INFO[url]/title/$$7/&lt;/url&gt;&lt;id&gt;$$7&lt;/id&gt;&lt;/entity&gt;" dest="5">
				<expression clear="yes" noclean="1">&lt;meta name=&quot;title&quot; content=&quot;([^&quot;]*) \(([0-9]*)\)</expression>
			</RegExp>
			<RegExp input="$$1" output="\1" dest="4">
				<expression noclean="1">(&gt;&lt;a href=&quot;/title.*)</expression>
			</RegExp>
			<RegExp input="$$4" output="&lt;entity&gt;&lt;title&gt;\2 (\3)&lt;/title&gt;&lt;url&gt;http://$INFO[url]/title/\1/&lt;/url&gt;&lt;id&gt;\1&lt;/id&gt;&lt;/entity&gt;" dest="5+">
				<expression repeat="yes" noclean="1,2">&gt;&lt;a href=&quot;/title/([t0-9]*)/[^&gt;]*&gt;([^&lt;]*)&lt;/a&gt; *\(([0-9]*)</expression>
			</RegExp>
			<expression clear="yes" noclean="1"></expression>
		</RegExp>
	</GetSearchResults>
	<GetDetails clearbuffers="no" dest="3">
		<RegExp input="$$5" output="&lt;details&gt;\1&lt;/details&gt;" dest="3">
			<RegExp input="$$2" output="&lt;id&gt;\1&lt;/id&gt;" dest="5">
				<expression></expression>
			</RegExp>
			<RegExp input="$$1" output="&lt;title&gt;\1&lt;/title&gt;" dest="5+">
				<expression trim="1" noclean="1">&lt;title&gt;([^&lt;|^(]*)</expression>
			</RegExp>
			<RegExp input="$$1" output="&lt;year&gt;\1&lt;/year&gt;" dest="5+">
				<expression>a href=&quot;/Sections/Years/([0-9]*)</expression>
			</RegExp>
			<RegExp input="$$1" output="&lt;top250&gt;\1&lt;/top250&gt;" dest="5+">
				<expression>Top 250: #([0-9]*)&lt;/a&gt;</expression>
			</RegExp>
			<RegExp input="$$1" output="&lt;mpaa&gt;\1&lt;/mpaa&gt;" dest="5+">
				<expression>MPAA&lt;/a&gt;:&lt;/h5&gt;(.[^&lt;]*)</expression>
			</RegExp>
			<RegExp input="$$1" output="&lt;certification&gt;\1 \3&lt;/certification&gt;" dest="5+">
				<expression repeat="yes">&lt;a href=&quot;/List\?certificates=[^&quot;]*&quot;&gt;([^&lt;]*)&lt;/a&gt;[^&lt;]*(&lt;i&gt;([^&lt;]*)&lt;/i&gt;)?</expression>
			</RegExp>
			<RegExp input="$$1" output="&lt;tagline&gt;\1&lt;/tagline&gt;" dest="5+">
				<expression>&lt;h5&gt;Tagline:&lt;/h5&gt;([^&lt;]*)</expression>
			</RegExp>
			<RegExp input="$$1" output="&lt;runtime&gt;\1&lt;/runtime&gt;" dest="5+">
				<expression trim="1">&lt;h5&gt;Runtime:&lt;/h5&gt;[^0-9]*([^&lt;]*)</expression>
			</RegExp>
			<RegExp input="$$1" output="&lt;rating&gt;\1&lt;/rating&gt;&lt;votes&gt;\2&lt;/votes&gt;" dest="5+">
				<expression>&lt;b&gt;([0-9.]+)/10&lt;/b&gt;[^&lt;]*&lt;a href=&quot;ratings&quot; class=&quot;tn15more&quot;&gt;([0-9,]+) votes&lt;/a&gt;</expression>
			</RegExp>
			<RegExp input="$$1" output="&lt;genre&gt;\1&lt;/genre&gt;" dest="5+">
				<expression repeat="yes">&quot;/Sections/Genres/[^/]*/&quot;&gt;([^&lt;]*)&lt;/a&gt;</expression>
			</RegExp>
			<RegExp input="$$1" output="&lt;studio&gt;\1&lt;/studio&gt;" dest="5+">
				<expression repeat="yes">&quot;/company/[^/]*/&quot;&gt;([^&lt;]*)&lt;/a&gt;</expression>
			</RegExp>
			<RegExp input="$$1" output="&lt;outline&gt;\1&lt;/outline&gt;&lt;plot&gt;&lt;![CDATA[\1]]>&lt;/plot&gt;" dest="5+">
				<expression>Plot:&lt;/h5&gt;(.*?)&lt;a class=&quot;tn15more</expression>
			</RegExp>
			<RegExp input="$$2" output="&lt;url function=&quot;GetMoviePlot&quot;&gt;$$3plotsummary&lt;/url&gt;" dest="5+">
				<expression></expression>
			</RegExp>
			<RegExp conditional="!fullcredits" input="$$2" output="&lt;url cache=&quot;$$2-credits.html&quot; function=&quot;GetMovieCast&quot;&gt;$$3&lt;/url&gt;" dest="5+">
				<expression></expression>
			</RegExp>
			<RegExp conditional="!fullcredits" input="$$2" output="&lt;url cache=&quot;$$2-credits.html&quot; function=&quot;GetMovieDirectors&quot;&gt;$$3&lt;/url&gt;" dest="5+">
				<expression></expression>
			</RegExp>
			<RegExp conditional="!fullcredits" input="$$2" output="&lt;url cache=&quot;$$2-credits.html&quot; function=&quot;GetMovieWriters&quot;&gt;$$3&lt;/url&gt;" dest="5+">
				<expression></expression>
			</RegExp>
			<RegExp conditional="fullcredits" input="$$2" output="&lt;url cache=&quot;$$2-fullcredits.html&quot; function=&quot;GetMovieCast&quot;&gt;$$3fullcredits&lt;/url&gt;" dest="5+">
				<expression></expression>
			</RegExp>
			<RegExp conditional="fullcredits" input="$$2" output="&lt;url cache=&quot;$$2-fullcredits.html&quot; function=&quot;GetMovieDirectors&quot;&gt;$$3fullcredits&lt;/url&gt;" dest="5+">
				<expression></expression>
			</RegExp>
			<RegExp conditional="fullcredits" input="$$2" output="&lt;url cache=&quot;$$2-fullcredits.html&quot; function=&quot;GetMovieWriters&quot;&gt;$$3fullcredits&lt;/url&gt;" dest="5+">
				<expression></expression>
			</RegExp>
			<RegExp conditional="impawards" input="$$2" output="&lt;url cache=&quot;$$2-posters.html&quot; function=&quot;GetIMPALink&quot;&gt;$$3posters&lt;/url&gt;" dest="5+">
				<expression></expression>
			</RegExp>
			<RegExp conditional="movieposterdb" input="$$1" output="&lt;url function=&quot;GetMoviePosterDBLink&quot;&gt;http://www.movieposterdb.com/browse/search?title=\1&lt;/url&gt;" dest="5+">
				<expression>/title/tt([t0-9]*)/faq</expression>
			</RegExp>
			<RegExp conditional="trailer" input="$$1" output="&lt;url function=&quot;GetTrailer&quot;&gt;http://$INFO[url]/video/imdb/vi\1/player&lt;/url&gt;" dest="5+">
				<expression>/imdb/vi([0-9]*)/&quot;</expression>
			</RegExp>
			<RegExp input="$$2" output="&lt;url cache=&quot;$$2-posters.html&quot; function=&quot;GetIMDBPoster&quot;&gt;$$3posters&lt;/url&gt;" dest="5+">
				<expression></expression>
			</RegExp>
			<RegExp conditional="fanart" input="$$2" output="&lt;url function=&quot;GetTMDBId&quot;&gt;http://api.themoviedb.org/2.0/Movie.imdbLookup?imdb_id=$$2&amp;amp;api_key=57983e31fb435df4df77afb854740ea9&lt;/url&gt;" dest="5+">
				<expression></expression>
			</RegExp>
			<expression noclean="1"></expression>
		</RegExp>
	</GetDetails>
	<GetMoviePlot clearbuffers="no" dest="5">
		<RegExp input="$$2" output="&lt;details&gt;\1&lt;/details&gt;" dest="5">
			<RegExp input="$$1" output="&lt;plot&gt;&lt;![CDATA[\1]]>&lt;/plot&gt;" dest="2">
				<expression clear="yes">&lt;p class="plotpar"&gt;\n([^\n]*)</expression>
			</RegExp>
			<expression noclean="1"></expression>
		</RegExp>
	</GetMoviePlot>
	<GetMovieCast clearbuffers="no" dest="5">
		<RegExp input="$$2" output="&lt;details&gt;\1&lt;/details&gt;" dest="5">
			<RegExp input="$$1" output="\1" dest="6">
				<expression clear="yes" noclean="1">&lt;table class=&quot;cast&quot;&gt;(.*?)&lt;/table&gt;</expression>
			</RegExp>
			<RegExp input="$$6" output="&lt;actor&gt;&lt;thumb&gt;\1_SX$INFO[imdbscale]_SY$INFO[imdbscale]_\2&lt;/thumb&gt;&lt;name&gt;\3&lt;/name&gt;&lt;role&gt;\4&lt;/role&gt;&lt;/actor&gt;" dest="7+">
				<expression clear="yes" repeat="yes" noclean="1,2" trim="3,4">&lt;img src=&quot;(?:([^&quot;]*\.)[^&quot;]*(\.jpg))?[^&gt;]*[^&quot;]*&quot;nm&quot;&gt;&lt;a href=&quot;[^&quot;]*&quot;&gt;([^&lt;]*)&lt;[^&quot;]*&quot;ddd&quot;&gt; ... [^&quot;]*&quot;char&quot;&gt;(.*?)&lt;/td&gt;</expression>
			</RegExp>
			<RegExp input="$$7" output="&lt;actor&gt;&lt;thumb&gt;\1&lt;/thumb&gt;\2&lt;/actor&gt;" dest="2+">
				<expression clear="yes" repeat="yes" noclean="1,2,3">&lt;actor&gt;&lt;thumb&gt;(?:(http.*?)|_SX[0-9]+_SY[0-9]+_)&lt;/thumb&gt;(.*?)&lt;/actor&gt;</expression>
			</RegExp>
			<expression noclean="1"></expression>
		</RegExp>
	</GetMovieCast>
	<GetMovieDirectors clearbuffers="no" dest="5">
		<RegExp input="$$2" output="&lt;details&gt;\1&lt;/details&gt;" dest="5">
			<RegExp conditional="!fullcredits" input="$$1" output="\1" dest="6">
				<expression clear="yes" noclean="1">Director.*?&lt;/h5&gt;(.*?)&lt;/div&gt;</expression>
			</RegExp>
			<RegExp conditional="fullcredits" input="$$1" output="\1" dest="6">
				<expression clear="yes" noclean="1">Directed by(.*?)name=&quot;</expression>
			</RegExp>
			<RegExp input="$$6" output="&lt;director&gt;\1&lt;/director&gt;" dest="2+">
				<expression clear="yes" repeat="yes">&lt;a href=&quot;/name/[^&gt;]*&gt;([^&lt;]*)&lt;</expression>
			</RegExp>
			<expression noclean="1"></expression>
		</RegExp>
	</GetMovieDirectors>
	<GetMovieWriters clearbuffers="no" dest="5">
		<RegExp input="$$2" output="&lt;details&gt;\1&lt;/details&gt;" dest="5">
			<RegExp conditional="!fullcredits" input="$$1" output="\1" dest="6">
				<expression clear="yes" noclean="1">Writers.*?:&lt;/h5&gt;(.*?)&lt;/div&gt;</expression>
			</RegExp>
			<RegExp conditional="fullcredits" input="$$1" output="\1" dest="6">
				<expression clear="yes" noclean="1">Writing credits(.*?)name=&quot;</expression>
			</RegExp>
			<RegExp input="$$6" output="&lt;credits&gt;\1&lt;/credits&gt;" dest="2+">
				<expression clear="yes" repeat="yes">&lt;a href=&quot;/name/[^&gt;]*&gt;([^&lt;]*)&lt;</expression>
			</RegExp>
			<expression noclean="1"></expression>
		</RegExp>
	</GetMovieWriters>
	<GetIMPALink clearbuffers="no" dest="5">
		<RegExp input="$$1" output="&lt;details&gt;&lt;url function=&quot;GetIMPAPosters&quot;&gt;http://\1impawards.com/\2&lt;/url&gt;&lt;/details&gt;" dest="5">
			<expression clear="yes" noclean="1,2">http://([^&quot;]*)impawards.com/([^&quot;]*)&quot;&gt;</expression>
		</RegExp>
	</GetIMPALink>
	<GetIMPAPosters clearbuffers="no" dest="5">
		<RegExp input="$$1" output="&lt;details&gt;&lt;url function=&quot;GetIMPAPosters&quot;&gt;http://www.impawards.com/\1&lt;/url&gt;&lt;/details&gt;" dest="5">
			<expression clear="yes">&lt;meta http-equiv=&quot;REFRESH&quot; content=&quot;0;URL=[^/]*/([^&quot;]*)&quot;&gt;</expression>
		</RegExp>
		<RegExp input="$$1" output="\1" dest="4">
			<expression clear="yes" noclean="1">value=&quot;/([^&quot;]*)/[^&quot;]*\.html&quot;&gt;</expression>
		</RegExp>
		<RegExp input="$$1" output="&lt;thumb&gt;http://www.impawards.com/$$4/posters/\1&lt;/thumb&gt;" dest="8+">
			<expression clear="yes" noclean="1">&lt;img SRC=&quot;posters/([^&quot;]*)&quot;</expression>
		</RegExp>
		<RegExp input="$$1" output="&lt;thumb&gt;http://www.impawards.com/$$4/posters/\1&lt;/thumb&gt;" dest="9+">
			<expression clear="yes" repeat="yes" noclean="1">thumbs/imp_([^&gt;]*ver[^&gt;]*.jpg)&gt;</expression>
		</RegExp>
	</GetIMPAPosters>
        <GetMoviePosterDBLink dest="6" clearbuffers="no">
         	<RegExp input="$$1" output="&lt;details&gt;&lt;url function=&quot;GetMoviePosterDB&quot;&gt;\1&lt;/url&gt;&lt;/details&gt;" dest="6">
			<expression>(http://www.movieposterdb.com/movie/[^&quot;]*)&quot;</expression>
		</RegExp>
        </GetMoviePosterDBLink>
	<GetMoviePosterDB clearbuffers="no" dest="12">
		<RegExp input="$$1" output="&lt;thumb&gt;\1l_\2&lt;/thumb&gt;" dest="10+">
			<expression clear="yes" repeat="yes" noclean="1,2">&quot;poster&quot;.*?src=&quot;(.*?)[a-z]_(.*?)&quot;</expression>
		</RegExp>
	</GetMoviePosterDB>
	<GetTrailer clearbuffers="no" dest="5">
                <RegExp conditional="trailer" input="$$2" output="&lt;details&gt;&lt;trailer urlencoded=&quot;yes&quot;&gt;\1&lt;/trailer&gt;&lt;/details&gt;" dest="5">
                        <RegExp input="$$1" output="\1" dest="2">
                                <expression noclean="1">&quot;file&quot;[^&quot;]*&quot;([^&quot;]*)</expression>
                        </RegExp>
                        <RegExp input="$$1" output="$$2/\1" dest="2">
                                <expression noclean="1">&quot;id&quot;[^&quot;]*&quot;([^&quot;]*)</expression>
                        </RegExp>
                        <expression noclean="1"></expression>
                </RegExp>
        </GetTrailer>
	<GetIMDBPoster dest="5">
		<RegExp input="$$8$$9$$10$$11" output="&lt;details&gt;&lt;thumbs&gt;\1&lt;/thumbs&gt;&lt;/details&gt;" dest="5">
                        <RegExp input="$$1" output="\1_SX$INFO[imdbscale]_SY$INFO[imdbscale]_\2" dest="6">
	                        <expression noclean="1,2">&lt;a name=&quot;poster&quot;.*?src=&quot;(.*?)_S.*?(.jpg)&quot;.*?&lt;/a&gt;</expression>
                        </RegExp>
                        <RegExp input="$$6" output="&lt;thumb&gt;\1&lt;/thumb&gt;" dest="11">
	                        <expression clear="yes" noclean="1">(.*?_SX[0-9]+_SY[0-9]+_.jpg)</expression>
                        </RegExp>
			<expression noclean="1"></expression>
		</RegExp>
	</GetIMDBPoster>
        <GetTMDBId dest="5">
		<RegExp conditional="fanart" input="$$1" output="&lt;details&gt;&lt;url function=&quot;GetTMDBFanart&quot;&gt;http://api.themoviedb.org/2.0/Movie.getInfo?id=\1&amp;amp;api_key=57983e31fb435df4df77afb854740ea9&lt;/url&gt;&lt;/details&gt;" dest="5">
			<expression>&lt;id&gt;([0-9]*)&lt;/id&gt;</expression>
		</RegExp>
	</GetTMDBId>
        <GetTMDBFanart dest="5">
                <RegExp input="$$2" output="&lt;details&gt;&lt;fanart url=&quot;http://themoviedb.org/image/backdrops&quot;&gt;\1&lt;/fanart&gt;&lt;/details&gt;" dest="5">
                        <RegExp input="$$1" output="&lt;thumb preview=&quot;/\1/\2_poster.jpg&quot;&gt;/\1/\2.jpg&lt;/thumb&gt;" dest="2+">
                		<expression repeat="yes">&lt;backdrop size=&quot;original&quot;&gt;.*?/([0-9]*)/([^\.]+).jpg&lt;/backdrop&gt;</expression>
                        </RegExp>
                        <expression noclean="1">(.+)</expression>
                </RegExp>
        </GetTMDBFanart>
</scraper>
